{
 "category": "game",
 "name": "MegaZeux",
 "license": "GPLv3",
 "title": "MegaZeux",
 "url": "https://www.digitalmzx.com/megazeux.php",
 "author": "AliceLR",
 "version": "2.92f",
 "details": "MegaZeux is a game creation system originally released in 1994 and still being developed today. At DigitalMZX you'll find an enormous collection of MegaZeux games and a forum inhabited by friendly MegaZeux veterans. In-depth community info can be found in the MZX Wiki.\\n\\nYou can chat to the team @ https://discord.gg/XJCvb4P\\n\\nGames can be found here : https://vault.digitalmzx.net/search.php?browse=AllGames&desc=CACHE_downloadCount",
 "description": "MegaZeux is a game creation system",
 "updated": "2021-03-29",
 "changelog": "2.92c:\n\n- Released March 8th, 2020. Retagged and uploaded Ubuntu/Debian builds March 13th, 2020. PowerPC DMG added April 1st, 2020."
}