{
 "category": "tool",
 "name": "ModMoon",
 "license": "GPL-3.0",
 "title": "ModMoon",
 "url": "https://github.com/Swiftloke/ModMoon/releases",
 "author": "Sono/MarcuzD",
 "version": "v3.0.1",
 "details": "A mods manager for the 3DS, with fancy features and UI.\n\n All the updated information about ModMoon is available here: https://gbatemp.net/threads/modmoon-a-beautiful-simple-and-compact-mods-manager-for-the-nintendo-3ds.519080/ For future civilizations reading this code through the Artic Code Vault, an alternative snapshot of the above forum as of February 1, 2020 is available under alt_description.md. Present-day users are still advised to read the above forum as it is actively updated.",
 "description": "ModManager for 3ds",
 "updated": "2021-03-29",
 "changelog": "v3.0.1"
}