{
	"package": "FBI",
	"info": {
		"title": "FBI",
		"author": "Steveice10",
		"category": "tool",
		"version": "2.6.0",
		"url": "https://github.com/Steveice10/FBI/releases",
		"license": "none",
		"description": "Open Source 3DS title manager",
		"details": "FBI is an open source title manager for the 3DS."
	},
	"changelog": "2.6.0",
	"assets": [
		{
			"url": "https://github.com/Steveice10/FBI/releases/download/2.6.0/FBI.zip",
			"type": "zip",
			"zip": [
				{
					"path": "/3ds-arm/FBI.cia",
					"dest": "/cias/FBI.cia",
					"type": "update"
				},
				{
					"path": "/3ds-arm/3ds/FBI/FBI.3dsx",
					"dest": "/3ds/FBI.3dsx",
					"type": "update"
				}
			]
		},
		{
			"url": "icon.png",
			"type": "icon"
		}
	]
}
