{
 "category": "misc",
 "name": "HzMod",
 "license": "none",
 "title": "HorizonModule",
 "url": "https://gbatemp.net/threads/hzmod-old3ds-screen-streaming.469817/",
 "author": "Sono/MarcuzD",
 "version": "beta",
 "details": "HzMod (or as more widely known 'HorizonModule' or simply just 'HorizonM') is a sysmodule for the 3DS which runs in the background. By looking at the reason why this project was started, this could be a 'trying-to-be NTR clone'",
 "description": "o3ds screen streaming",
 "updated": "2021-03-29",
 "changelog": "beta"
}