{
 "category": "game",
 "name": "FidgetSpinner3DS",
 "license": "none",
 "title": "FidgetSpinner3DS",
 "url": "http://web.archive.org/web/20180906105147/https://github.com/BEPISMAN2/FidgetSpinner3DS",
 "author": "BEPISMAN2",
 "version": "2.0",
 "details": "It's a fidget spinner. For your 3DS.\n Tap on the bottom screen to rotate the spinner clockwise. No, it can't spin counter-clockwise. Don't ask.",
 "description": "It's a Fidget Spinner. For your 3DS.",
 "updated": "2021-03-29",
 "changelog": "2.0"
}