{
 "category": "advanced",
 "name": "ofi",
 "license": "GPLv3",
 "title": "OpenFirmInstaller",
 "url": "https://github.com/d0k3/OpenFirmInstaller/releases",
 "author": "D0k3",
 "version": "0.0.9",
 "details": "OpenFirmInstaller is based on SafeB9SInstaller and works the same way as that. All input files go into 'sdmc:/ofi'. At the present time, only boot9strap and fastboot3DS are supported as input files.",
 "description": "Safe, simple, user-friendly installer for sighax bootloaders",
 "updated": "2021-03-29",
 "changelog": "v0.0.9"
}